Top queries,Clicks,Impressions,CTR,Position
pasaż górski jelenia góra,17,112,15.18%,3.61
galeria goduszyn,11,127,8.66%,4.78
pasaż górski jelenia góra sklepy,9,68,13.24%,3.06
grande roma cieplice menu,5,302,1.66%,6.02
jelenia góra atrakcje zimą,4,31,12.9%,6.13
grande roma,3,594,0.51%,8.26
restauracja grande roma - cieplice menu,3,285,1.05%,6.21
shang-hai menu,2,182,1.1%,7.73
zakątek indii jelenia góra,2,113,1.77%,6.65
grande roma jelenia góra menu,2,89,2.25%,10.8
grande roma jelenia góra,2,58,3.45%,9.52
marcelina stępień jelenia góra,2,43,4.65%,8.58
fit planeta jelenia góra,2,30,6.67%,5.2
pasaz gorski jelenia gora,2,17,11.76%,3.71
shanghai jelenia góra,1,543,0.18%,9.31
leroy merlin jelenia góra,1,238,0.42%,11.09
zakątek indii,1,187,0.53%,8.59
shang hai jelenia góra,1,131,0.76%,7.31
granderoma,1,107,0.93%,7.16
zakątek indii menu,1,86,1.16%,9.1
slowianka jelenia góra,1,75,1.33%,8
grande roma menu,1,74,1.35%,5.59
shanghai jelenia góra menu,1,43,2.33%,9.21
gdzie zjeść w jeleniej górze,1,36,2.78%,12.89
chińska restauracja jelenia góra,1,34,2.94%,9.53
pizza dalmacja,1,32,3.12%,5.53
restauracja indyjska jelenia góra,1,30,3.33%,10.73
ewa charchut,1,29,3.45%,8.41
granderoma menu,1,27,3.7%,5.11
pasaż górski,1,26,3.85%,3.58
aroma cafe,1,22,4.55%,9.64
just cowork,1,21,4.76%,4.33
hurtownia jag,1,21,4.76%,4.71
shang hai jelenia góra menu,1,20,5%,6.15
restauracja shanghai jelenia góra menu,1,18,5.56%,9.56
stadion miejski jelenia góra,1,17,5.88%,10.65
restauracja hinduska jelenia góra,1,16,6.25%,9.75
just cowork jelenia góra,1,15,6.67%,3.2
ryneczek zabobrze,1,15,6.67%,5.2
galeria w goduszynie,1,13,7.69%,6.92
fit planeta kuchnia polska,1,12,8.33%,3.5
dalmacija. pizzeria zdjęcia,1,12,8.33%,7.33
pizzeria grande roma cieplice menu,1,11,9.09%,5
grande roma zabobrze menu,1,11,9.09%,8.73
cukru jelenia góra,1,11,9.09%,10.27
palarnia kawy jelenia góra,1,11,9.09%,10.73
pasaz leclerc jelenia góra,1,10,10%,7.5
przychodnia zabobrze,1,10,10%,22.7
nowy rynek jelenia góra sklepy,1,7,14.29%,13
medinap jelenia góra,1,6,16.67%,8.67
jelenia góra zabobrze,1,5,20%,83.6
pasaz gorski,1,4,25%,5.75
jelenia góra dworzec kolejowy,1,4,25%,28
kolejkowo modelarnia,1,3,33.33%,31
rsb real estate,1,2,50%,3
pasaz leclerc jelenia góra sklepy,1,2,50%,6.5
wybieg dla psów,1,1,100%,2
menu grande,1,1,100%,3
zapoekanki,1,1,100%,3
dworzec kolejowy,1,1,100%,4
kolejkowo,1,1,100%,18
grande roma cieplice,0,518,0%,9.49
dalmacja jelenia góra,0,405,0%,5.49
i love pasta,0,238,0%,7.36
zamek chojnik,0,185,0%,13.91
slowianka pizza,0,170,0%,7.28
dalmacja jg,0,151,0%,5.96
restauracja grande roma - cieplice,0,151,0%,7.66
club sushi,0,134,0%,8.43
słowianka pizza,0,126,0%,7.62
mcdonald jelenia góra,0,114,0%,12.46
restauracja chińska jelenia góra,0,106,0%,13.67
apteka całodobowa jelenia góra,0,105,0%,10.42
przychodnia sobieszów,0,102,0%,9.14
restauracja grande roma - cieplice opinie,0,101,0%,8.27
zamek chojnik cennik,0,84,0%,3.56
pizzeria dalmacja,0,84,0%,5.99
i love pasta menu,0,80,0%,8.64
shang-hai,0,78,0%,6.06
granderoma cieplice,0,68,0%,7.81
mzk jelenia góra,0,66,0%,11.52
grande roma cieplice opinie,0,61,0%,6.38
szanghaj jelenia góra,0,61,0%,9.49
jag jelenia góra,0,60,0%,5.93
galeria sudecka sklepy,0,59,0%,8.64
bristolka,0,56,0%,8.82
zapiekanki jelenia góra,0,54,0%,8.26
pan gruzin jelenia góra,0,54,0%,11.19
leclerc jelenia góra godziny otwarcia,0,51,0%,10.67
mcdonald jelenia góra godziny otwarcia,0,50,0%,3.72
pizza grande roma,0,50,0%,7.08
cukru cafe,0,49,0%,7.94
media expert jelenia góra,0,48,0%,23.62
restauracja grande roma - cieplice zdjęcia,0,46,0%,7.22
zakatek indii,0,46,0%,9.07
zamek chojnik zdjęcia,0,46,0%,67.24
jag hurtownia,0,44,0%,5.07
pizzeria słowianka,0,44,0%,7.39
roma cieplice,0,42,0%,8.95
pttk zamek chojnik ruiny – bilety,0,42,0%,9.1
sushi club,0,42,0%,9.81
indyjska restauracja jelenia góra,0,40,0%,9.38
pizzeria cieplice,0,40,0%,12.07
chojnik,0,40,0%,16.93
dalmacja pizzeria,0,38,0%,5.37
restauracja shanghai jelenia góra,0,38,0%,8.68
hotel cieplice,0,38,0%,47.47
zakatek indii jg,0,37,0%,6.57
pizzeria romana,0,37,0%,8.89
shanghai jelenia góra telefon,0,35,0%,6.51
zakątek indii opinie,0,35,0%,9.89
mcdonald's jelenia góra,0,35,0%,10.97
zakątek indii jelenia góra menu,0,34,0%,8.18
smaczne jedzenie cieplice,0,34,0%,22.47
dalmacja jelenia gora,0,33,0%,5.67
przychodnia letnia,0,33,0%,6.36
galeria sudecka,0,32,0%,24.66
fit planeta,0,31,0%,4.9
dalmacja pizza,0,31,0%,6.48
grandę roma cieplice,0,30,0%,8.63
restauracja azjatycka jelenia góra,0,30,0%,12.17
shang hai,0,29,0%,6.79
pizzeria słowianka jelenia góra,0,29,0%,7.1
shanghai jelenia gora,0,29,0%,9.9
klub sushi,0,29,0%,10.21
szkoła podstawowa nr 10,0,27,0%,8.3
pizzeria dalmacja jelenia góra,0,27,0%,8.89
najlepsza restauracja w jeleniej górze,0,27,0%,33.26
pizzeria roma cieplice,0,26,0%,6.77
harper jelenia góra,0,26,0%,9.69
jelenia góra mapa,0,26,0%,43.35
pizzeria u romana,0,25,0%,8.28
sp10 jelenia góra,0,25,0%,8.64
weterynarz sobieszów ewa,0,25,0%,10.56
restauracja cieplice,0,25,0%,34.36
pizza romana jelenia góra,0,24,0%,7.04
pizzeria grande roma cieplice,0,24,0%,7.33
pizzeria romana jelenia góra,0,24,0%,11.17
mazurkowa chata,0,24,0%,22.88
aroma cafe jelenia góra,0,23,0%,11.43
kuchnia polska jelenia góra,0,23,0%,13.74
cukiernia jelenia góra,0,23,0%,34.43
cieplice hotel,0,23,0%,51.78
telewizja zachodnia jelenia góra,0,22,0%,8.23
shang-hai opinie,0,22,0%,9.55
jelenia góra galeria handlowa,0,22,0%,37.91
chojnik zamek,0,22,0%,40.36
mc donald jelenia gora,0,21,0%,2.24
goduszyn galeria,0,21,0%,4.29
dalmacija. pizzeria,0,21,0%,7.24
kobe grill house jelenia góra zdjęcia,0,21,0%,8.86
jelenia góra apteka całodobowa,0,21,0%,11.14
nowy rynek,0,21,0%,19.19
pizzeria grande roma menu,0,20,0%,7.2
kcm jelenia góra,0,20,0%,25.3
galeria sudecka jelenia góra,0,20,0%,27.1
przystań twórcza jelenia góra,0,19,0%,7.26
pizza słowianka,0,19,0%,8.16
indyjskie jedzenie jelenia góra,0,19,0%,9.47
i love italy menu,0,19,0%,9.84
apteka letnia,0,19,0%,10.74
mc donald jelenia góra,0,19,0%,10.84
jelenia góra mcdonald,0,19,0%,12.63
torty jelenia góra,0,19,0%,39.42
zakątek indii zdjęcia,0,18,0%,8.56
pizzeria grande roma jelenia góra,0,18,0%,9.56
kuchnia azjatycka jelenia góra,0,18,0%,10.61
apteka nowy rynek jelenia góra,0,17,0%,10
sofa jelenia góra,0,17,0%,13.71
hotel baron jelenia góra,0,17,0%,16.41
dworzec pkp jelenia góra,0,17,0%,26
galeria handlowa jelenia góra,0,17,0%,46.47
pizza slowianka jelenia góra,0,16,0%,7.75
"grzegorz dul | urologia i medycyna estetyczna jelenia góra | gabinet-plus 
opinie",0,16,0%,7.81
pan gruzin,0,16,0%,16.12
mapa jeleniej góry,0,16,0%,18.19
galeria nowy rynek,0,16,0%,26.94
kobe grill house,0,16,0%,28.31
cukiernie jelenia góra,0,16,0%,35.06
galeria jelenia góra,0,16,0%,50.44
harper kawiarnia,0,15,0%,7.27
marcelina stępień,0,15,0%,10.4
pizza cieplice,0,15,0%,12.87
mapa jeleniej gory,0,15,0%,13.73
pizzeria grande roma,0,14,0%,7.21
grande roma cieplice cennik,0,14,0%,7.57
queenz jelenia góra,0,14,0%,8.71
bar ryneczek zabobrze,0,14,0%,10.57
love krove,0,14,0%,15.21
roma jelenia góra,0,14,0%,27.71
spa cieplice,0,14,0%,49.93
słowianka pizzeria,0,13,0%,7.15
happy life jelenia góra,0,13,0%,7.54
przystań twórcza,0,13,0%,8
pizza dalmacja jelenia góra,0,13,0%,8.54
pizzeria slowianka,0,13,0%,8.54
queenz,0,13,0%,8.54
zamek chojnik godziny otwarcia,0,13,0%,9.69
kobe grill house jelenia góra,0,13,0%,11.54
zamek chojnik bilety,0,13,0%,11.85
hotel baron,0,13,0%,12.69
cytrynowy pieprz,0,13,0%,14.15
trampolina jelenia góra,0,13,0%,15.08
gdzie dobrze zjeść w jeleniej górze,0,13,0%,15.15
galeria w jeleniej górze,0,13,0%,21
sklep agd jelenia góra,0,13,0%,41.38
jelenia góra mcdonald's,0,12,0%,4.17
shang hai menu jelenia góra,0,12,0%,5.42
dalmacja pizza jelenia góra,0,12,0%,5.67
wildjump,0,12,0%,6.58
jelenia gora indyjska restauracja,0,12,0%,7.25
przychodnia sobieszów jelenia góra,0,12,0%,9.25
zapiekanki cieplickie,0,12,0%,10.83
wieża widokowa grzybek,0,12,0%,12.67
książnica karkonoska,0,12,0%,21.33
obiady dnia cieplice,0,12,0%,25.67
gastronomia cieplice,0,12,0%,34.42
termy cieplickie hotel,0,12,0%,64.58
"""sniezka"" -""farb"" -""farba"" -""farby"" -""pogoda"" -""pogody"" -site:reddit.com 
-site:twitter.com -site:x.com -site:wykop.pl -site:tripadvisor.com 
-site:youtube.com -site:yelp.com -site:booking.com -site:facebook.com 
-site:instagram.com -site:tiktok.com",0,11,0%,3.82
romana jelenia góra,0,11,0%,4.64
nowa galeria w jeleniej górze,0,11,0%,7.27
villa cervi,0,11,0%,8.36
słowianka jelenia góra,0,11,0%,8.82
stadion złotnicza jelenia góra,0,11,0%,9.45
"zakład opiekuńczo - leczniczy o profilu rehabilitacyjnym caritas diecezji 
legnickiej",0,11,0%,10.45
galeria nowy rynek sklepy,0,11,0%,11
włoska restauracja jelenia góra,0,11,0%,12.64
sp 10 jelenia góra,0,11,0%,15.82
sklep rtv jelenia góra,0,11,0%,21.27
plac piastowski,0,11,0%,28.45
hotel fenix jelenia góra,0,11,0%,30.18
filharmonia jelenia góra,0,11,0%,46.91
galeria jelenia gora,0,11,0%,48
restauracja jelenia góra,0,10,0%,1.6
mc donald jg,0,10,0%,2.9
grande roma pizza,0,10,0%,6.6
wild jump,0,10,0%,9.5
slowianka-pizza opinie,0,10,0%,10.1
osteopata jelenia góra,0,10,0%,11
wieża widokowa na sołtysiej górze,0,10,0%,11.8
sofa restauracja,0,10,0%,14.9
mzk jelenia gora,0,10,0%,16.4
kobe jelenia góra,0,10,0%,23.4
jelenia góra centrum handlowe,0,10,0%,44.5
jelenia góra galeria,0,10,0%,49.6
taxi jelenia góra,0,10,0%,56.7
mc mcdonald jelenia góra,0,9,0%,1.56
fit planeta kuchnia polska opinie,0,9,0%,4.33
romana pizzeria,0,9,0%,6.22
mcdonald's jelenia gora,0,9,0%,6.78
"skansen uzbrojenia wojska polskiego. oddział muzeum karkonoskiego jelenia 
góra",0,9,0%,8.44
"""przychodnia"" ""krzywoustego"" -""praca lekarz"" -""dam prace"" -""dam pracę"" 
-""damy prace"" -""damy pracę"" -""job offer"" -""job offers"" -""kolejce nfz"" 
-""kolejek nfz"" -""kolejka nfz"" -""kolejkach nfz"" -""kolejkami nfz"" -""kolejki 
nfz"" -""kolejką nfz"" -""kolejkę nfz"" -""ofercie pracy"" -""ofert pracy"" -""oferta 
pracy"" -""ofertach pracy"" -""ofertami pracy"" -""oferte pracy"" -""oferty pracy"" 
-""ofertą pracy"" -""ofertę pracy"" -""opis stanowiska"" -""osoba na tym 
stanowisku"" -""osoby na stanowisko"" -""termin nfz"" -""termin leczenia"" 
-""terminach nfz"" -site:reddit.com -site:twitter.com -site:x.com 
-site:wykop.pl -site:tripadvisor.com -site:youtube.com -site:yelp.com 
-site:booking.com -site:facebook.com -site:instagram.com -site:tiktok.com",0,9,0%,8.78
poz przychodnia zabobrze,0,9,0%,8.78
restauracja mcdonald's jelenia góra,0,9,0%,9.11
slowianka jelenia gora,0,9,0%,9.11
kobe restauracja,0,9,0%,9.89
pan gruzin jelenia góra opinie,0,9,0%,10
grande roma wiejska,0,9,0%,11
jelenia góra galeria sudecka sklepy,0,9,0%,11.56
grande roma zabobrze,0,9,0%,12.11
mzk jelenia,0,9,0%,12.56
pttk zamek chojnik ruiny bilety,0,9,0%,12.56
sushi jelenia góra,0,9,0%,13.33
caritas jelenia góra,0,9,0%,16.78
sąd rejonowy w jeleniej górze,0,9,0%,18.33
kcm clinic jelenia góra,0,9,0%,27.89
komunikacja miejska jelenia góra,0,9,0%,33.22
sklepy agd jelenia góra,0,9,0%,36.33
tartak góra,0,9,0%,41
muzeum karkonoskie jelenia góra,0,9,0%,48.89
teatr jelenia góra,0,9,0%,56.44
jelenia góra spa,0,9,0%,60.89
wejście na chojnik,0,8,0%,1
przychodnia na letniej,0,8,0%,6.12
pizzeria u romana jelenia góra,0,8,0%,6.38
hinduska restauracja jelenia gora,0,8,0%,6.88
tv zachodnia jelenia góra,0,8,0%,7
apteka galeria nowy rynek,0,8,0%,7.5
zamek chojnik trasa,0,8,0%,8
król maciuś przedszkole,0,8,0%,8.12
medinap,0,8,0%,8.25
kobe jelenia gora,0,8,0%,9.12
pan gruzin jelenia góra menu,0,8,0%,9.12
love pasta,0,8,0%,9.38
papa precel jelenia góra,0,8,0%,9.62
uramclinic,0,8,0%,10.12
chińska restauracja,0,8,0%,10.75
love krove jelenia góra,0,8,0%,11.5
osteopatia jelenia góra,0,8,0%,12.75
przedszkole król maciuś,0,8,0%,13.25
mcdonald jelenia gora,0,8,0%,14.25
i love pasta jelenia góra,0,8,0%,14.38
chińczyk jelenia góra,0,8,0%,15.62
jelenia góra mzk,0,8,0%,17.25
starostwo jelenia góra,0,8,0%,24
jelenia góra galeria sudecka,0,8,0%,25.62
jelenia góra dworzec pkp,0,8,0%,27.25
jelenia plast,0,8,0%,30.5
radio taxi jelenia góra,0,8,0%,31.75
i love italy,0,8,0%,33.62
lokal na urodziny jelenia góra,0,8,0%,42.75
ceny biletów zamek chojnik cennik,0,7,0%,4.57
krove love,0,7,0%,6.57
grade roma,0,7,0%,6.86
pizza u romana,0,7,0%,7.43
leroy merlin jelenia góra godziny otwarcia,0,7,0%,7.57
restauracja mcdonald's jelenia góra opinie,0,7,0%,7.57
brystolka,0,7,0%,8.14
park handlowy goduszyn,0,7,0%,8.43
zapiekanka jelenia gora,0,7,0%,8.43
helios jelenia góra,0,7,0%,8.71
cosmedica,0,7,0%,8.86
sofa restauracja beer&burger | restauracja jelenia góra zdjęcia,0,7,0%,9.14
wild jump park trampolin,0,7,0%,10.86
apteka letnia jelenia góra,0,7,0%,11.57
hurtownia chemiczna jelenia góra,0,7,0%,11.57
jelenia góra zachodnia,0,7,0%,12.29
codetwo jelenia gora,0,7,0%,13.57
sp 6 jelenia góra,0,7,0%,14.57
park trampolin jelenia góra,0,7,0%,15.57
bristolka jelenia góra,0,7,0%,16.29
mazurkowa chata jelenia góra,0,7,0%,17.57
mpk jelenia góra,0,7,0%,18.57
dworzec jelenia góra,0,7,0%,18.86
cukru,0,7,0%,20
grande roma jg,0,7,0%,23.57
grande roma jelenia góra cieplice,0,7,0%,28
i love pizza jelenia góra,0,7,0%,30.86
hotel caspar,0,7,0%,33.57
jelfa jelenia góra,0,7,0%,53.57
"""bausch health"" -site:reddit.com -site:twitter.com -site:x.com 
-site:wykop.pl -site:tripadvisor.com -site:youtube.com -site:yelp.com 
-site:booking.com -site:facebook.com -site:instagram.com -site:tiktok.com",0,6,0%,1.67
stanisław bareja dom,0,6,0%,4.5
hurtownia jag jelenia góra,0,6,0%,5
grand roma,0,6,0%,7.67
drama jelenia góra,0,6,0%,8
mcdonalds jelenia gora,0,6,0%,8.67
galeria jelenia góra sudecka sklepy,0,6,0%,9.5
smaki indii jelenia góra,0,6,0%,9.5
jelenia góra zabobrze pkp mapa,0,6,0%,9.67
szkoła nr 6 jelenia góra,0,6,0%,10
restauracja mcdonald's jelenia góra menu,0,6,0%,10.83
pizzeria jelenia góra cieplice,0,6,0%,11
cukru cafe jelenia góra,0,6,0%,11.5
mzk kg,0,6,0%,13.5
sauna fińska cieplice,0,6,0%,15
ikea jelenia góra,0,6,0%,15.83
taxi śnieżka jelenia góra,0,6,0%,18.5
metafora jelenia góra,0,6,0%,18.67
starostwo powiatowe w jeleniej górze,0,6,0%,19.83
sprzęt ogrodniczy jelenia góra,0,6,0%,24
jelenia góra restauracje,0,6,0%,24.17
starostwo powiatowe jelenia góra,0,6,0%,27.17
sąd jelenia góra,0,6,0%,29.83
kobe grill house menu,0,6,0%,30.33
zamek w chojniku,0,6,0%,32
caspar cieplice,0,6,0%,34.17
sudecka jelenia góra,0,6,0%,35
tv jelenia góra,0,6,0%,43
centrum artystyczne jelenia góra,0,6,0%,44.17
hotel cieplice jelenia góra,0,6,0%,45.83
zorka jelenia góra,0,6,0%,49.33
galerie jelenia góra,0,6,0%,52.83
park zdrojowy cieplice,0,6,0%,96.17
zamek chojnik gdzie jest,0,5,0%,2.6
restauracja grande roma cieplice menu,0,5,0%,3.6
harper menu,0,5,0%,4
"""kcm clinic""",0,5,0%,5.2
cieplice grande roma,0,5,0%,7.6
wild jump jelenia góra,0,5,0%,8.4
przychodnia letnia jelenia góra,0,5,0%,8.8
gdzie warto zjeść w jeleniej górze,0,5,0%,9
i love pasta menu jelenia góra,0,5,0%,9
apteka cosmedica,0,5,0%,9.2
kobe grill house jelenia góra plac ratuszowy jelenia góra,0,5,0%,9.4
pan gruzin zdjęcia,0,5,0%,9.6
sofa burger,0,5,0%,9.6
restauracja mcdonald's jelenia góra zdjęcia,0,5,0%,9.8
zespół szkół rzemiosł artystycznych,0,5,0%,9.8
mc donalds jelenia góra,0,5,0%,10
palarnia kawy aroma cafe,0,5,0%,10.4
restauracja kobe,0,5,0%,10.6
galeria jelenia góra nowy rynek sklepy,0,5,0%,10.8
aroma jelenia góra,0,5,0%,11.4
jelenia góra gdzie zjeść,0,5,0%,11.8
apteka dyżurująca jelenia góra,0,5,0%,12.6
galeria sudecka jelenia góra sklepy,0,5,0%,18.2
kuchnia chińska jelenia góra,0,5,0%,18.6
tartak jelenia góra,0,5,0%,18.6
galeria nowy rynek jelenia góra,0,5,0%,21.2
villa nova jelenia góra,0,5,0%,21.6
gastronomia jelenia góra,0,5,0%,25.2
jelenia góra dworzec pks,0,5,0%,25.4
barber jelenia góra,0,5,0%,26.2
hotel caspar cieplice,0,5,0%,30.2
plac ratuszowy,0,5,0%,34.2
jelfa sa,0,5,0%,38.8
medi spa cieplice,0,5,0%,43
cieplice spa,0,5,0%,50
centrum handlowe jelenia góra,0,5,0%,50.8
muzeum karkonoskie,0,5,0%,51.2
jelfa,0,5,0%,56.8
jelenia góra zamek,0,5,0%,57
perła zachodu,0,5,0%,61.6
spa jelenia góra,0,5,0%,63.8
muzeum jelenia góra,0,5,0%,64.2
restauracje jelenia góra,0,4,0%,1.25
charhut,0,4,0%,4.5
jelenia gora mcdonald,0,4,0%,5.75
"""codetwo"" -site:reddit.com -site:twitter.com -site:x.com -site:wykop.pl 
-site:tripadvisor.com -site:youtube.com -site:yelp.com -site:booking.com 
-site:facebook.com -site:instagram.com -site:tiktok.com",0,4,0%,6.25
szkoła podstawowa nr 10 w jeleniej górze,0,4,0%,6.25
"""rycerzach z doliny"" -site:reddit.com -site:twitter.com -site:x.com 
-site:wykop.pl -site:tripadvisor.com -site:youtube.com -site:yelp.com 
-site:booking.com -site:facebook.com -site:instagram.com -site:tiktok.com",0,4,0%,6.5
"""hotelami"" ""spa"" -site:reddit.com -site:twitter.com -site:x.com 
-site:wykop.pl -site:tripadvisor.com -site:youtube.com -site:yelp.com 
-site:booking.com -site:facebook.com -site:instagram.com -site:tiktok.com",0,4,0%,6.75
"""leroy"" -site:reddit.com -site:twitter.com -site:x.com -site:wykop.pl 
-site:tripadvisor.com -site:youtube.com -site:yelp.com -site:booking.com 
-site:facebook.com -site:instagram.com -site:tiktok.com",0,4,0%,6.75
przychodnia na letniej jelenia góra,0,4,0%,6.75
letnia przychodnia,0,4,0%,7
pizza slowianka,0,4,0%,7.25
mcdonalds jelenia góra,0,4,0%,7.5
apteka całodobowa,0,4,0%,8.25
новий ринок єленя гура,0,4,0%,8.25
liceum im stanisława barei,0,4,0%,8.5
happy life - gabinet masażu i terapii holistycznych | jelenia góra,0,4,0%,9
palarnia kawy aroma cafe zdjęcia,0,4,0%,9
cosmedica apteka,0,4,0%,10
i love pasta jelenia góra menu,0,4,0%,10
a411 jelenia góra,0,4,0%,10.25
jump park jelenia góra,0,4,0%,10.25
leroy godziny otwarcia,0,4,0%,10.5
sinsay leclerc jelenia góra,0,4,0%,10.5
co zjesc w jeleniej gorze,0,4,0%,10.75
roma grande,0,4,0%,10.75
galeria nowy rynek jelenia góra sklepy,0,4,0%,12
rtv agd jelenia góra galeria sudecka,0,4,0%,12
play city jelenia góra,0,4,0%,12.25
cytrynowy pieprz jelenia gora,0,4,0%,12.5
grzegorz dul urolog,0,4,0%,12.5
kuchnia włoska jelenia góra,0,4,0%,12.5
restauracja gruzińska jelenia góra,0,4,0%,12.75
szkoła podstawowa nr 6 jelenia góra,0,4,0%,13.25
i love italy jelenia góra,0,4,0%,15
pizza jelenia góra cieplice,0,4,0%,15.25
jelenia góra kobe,0,4,0%,15.75
dwór czarne jelenia góra,0,4,0%,16.25
restauracja włoska jelenia góra,0,4,0%,16.25
pizzeria dalmacja menu,0,4,0%,16.5
śnieżka taxi,0,4,0%,17
szkoła podstawowa nr 10 jelenia góra,0,4,0%,17.5
kolejkowo jelenia góra,0,4,0%,19
pizzeria roma jelenia góra,0,4,0%,19.75
park norweski w jeleniej górze,0,4,0%,27
tesco jelenia góra pasaż,0,4,0%,29.5
nowy rynek jelenia góra,0,4,0%,31.5
teatr w jeleniej górze,0,4,0%,33.75
restauracja dalmacja,0,4,0%,37.25
caspar jelenia góra,0,4,0%,37.75
zamek chojnik zwiedzanie,0,4,0%,39.25
apteka solna jelenia góra,0,4,0%,41.25
ramen jelenia góra,0,4,0%,42.75
cieplice restauracja,0,4,0%,43
teatr norwida jelenia góra,0,4,0%,43
zorka,0,4,0%,44
hotel spa cieplice,0,4,0%,47.5
dobre jedzenie cieplice,0,4,0%,50.5
wieża widokowa jelenia góra,0,4,0%,53
zamek chojnik mapa,0,4,0%,56.5
jelenia góra teatr,0,4,0%,62.25
jelenia góra muzeum,0,4,0%,71
jelenia góra dworzec główny pkp,0,4,0%,76
pttk zamek chojnik ruiny zdjęcia,0,3,0%,1
helios jelenia góra kontakt,0,3,0%,4.33
shanghai jelenia góra godziny otwarcia,0,3,0%,4.67
"""#ikea"" -site:reddit.com -site:twitter.com -site:x.com -site:wykop.pl 
-site:tripadvisor.com -site:youtube.com -site:yelp.com -site:booking.com 
-site:facebook.com -site:instagram.com -site:tiktok.com",0,3,0%,5
drama restobar,0,3,0%,5
niepubliczne przedszkole król maciuś zdjęcia,0,3,0%,5.33
dworzec,0,3,0%,5.67
targowisko zabobrze,0,3,0%,6.33
gabinet plus,0,3,0%,6.67
telewizja zachodnia,0,3,0%,6.67
"""atrakcje turystyczne""",0,3,0%,7
cafe harper,0,3,0%,7
galeria sudecka restauracje,0,3,0%,7.33
przychodnia medinap,0,3,0%,7.33
sp10 jg,0,3,0%,7.33
"""nowoczesny szpital""",0,3,0%,7.67
jelenia góra leroy merlin,0,3,0%,7.67
mcd jelenia góra,0,3,0%,7.67
leroy merlin jelenia góra zdjęcia,0,3,0%,8
grzegorz dul | urologia i medycyna estetyczna jelenia góra | gabinet-plus,0,3,0%,8.33
ksiąznica,0,3,0%,8.33
mc donalds jelenia gora,0,3,0%,8.33
slowianka jg,0,3,0%,9
sofa restauracja beer&burger | restauracja jelenia góra,0,3,0%,9
harper cafe,0,3,0%,9.67
zachodnia tv,0,3,0%,9.67
"""hotelami"" ""spa""",0,3,0%,10
wolności 39b jelenia góra,0,3,0%,10.67
jelenia góra restauracja gruzińska,0,3,0%,11
restauracja sofa,0,3,0%,11.33
apteka letnia 2 jelenia góra,0,3,0%,11.67
szkoła podstawowa nr 6 w jeleniej górze,0,3,0%,11.67
jelenia góra galeria nowy rynek sklepy,0,3,0%,12
restauracja chińska jelenia góra menu,0,3,0%,12
ilove pasta,0,3,0%,12.33
dworzec autobusowy,0,3,0%,12.67
cytrynowy pieprz jelenia góra,0,3,0%,13
książnica karkonoska jelenia góra,0,3,0%,14.33
galeria sudecka jedzenie,0,3,0%,15.33
dworzec kolejowy jelenia góra,0,3,0%,16
elektrownia jelenia góra,0,3,0%,16.67
sąd rejonowy jelenia góra,0,3,0%,17.67
u romana jelenia góra,0,3,0%,18
dwór czarne,0,3,0%,18.33
mapa jeleniej góry z ulicami,0,3,0%,19
stadion jelenia góra,0,3,0%,19
zkm jelenia góra,0,3,0%,19.67
opuszczona galeria handlowa,0,3,0%,20
kobe jg,0,3,0%,21.67
nowy rynek sklepy,0,3,0%,26.33
targowisko jelenia góra,0,3,0%,26.67
sąd w jeleniej górze,0,3,0%,28
ztm jelenia góra,0,3,0%,28.33
mc jelenia góra,0,3,0%,28.67
przedszkole króla maciusia,0,3,0%,29
plac ratuszowy jelenia góra,0,3,0%,29.33
restauracja cieplice jelenia góra,0,3,0%,30
sp 7 jelenia góra,0,3,0%,30.33
fryzjer męski jelenia góra,0,3,0%,30.67
zamek chojnik dojazd,0,3,0%,32.33
caspar hotel,0,3,0%,35.33
grzybek jelenia góra,0,3,0%,36.67
muzeum karkonoskie w jeleniej górze,0,3,0%,39.67
hotel cieplice medi,0,3,0%,40.67
galeria sudecka jelenia góra godziny otwarcia,0,3,0%,41.67
jelenia góra spa hotel,0,3,0%,41.67
jelenia góra dworzec,0,3,0%,43
galeria sudecka godziny otwarcia,0,3,0%,43.33
zol jelenia góra,0,3,0%,43.33
mapa jelenia góra,0,3,0%,44.33
jelenia gora mapa,0,3,0%,48
wazektomia jelenia góra,0,3,0%,50.33
pkp jelenia góra kontakt,0,3,0%,52.67
zamek koło jeleniej góry,0,3,0%,53.67
jelenia góra taxi,0,3,0%,56.67
juwentur,0,3,0%,56.67
galeria echo jelenia góra,0,3,0%,71.67
jelenia góra rynek,0,3,0%,74
cieplice park zdrojowy,0,3,0%,94.33
"""codetwo""",0,2,0%,1
jedzenie jelenia góra,0,2,0%,1
leroy merlin godziny otwarcia jelenia góra,0,2,0%,1
"""grande pizza"" -site:reddit.com -site:twitter.com -site:x.com 
-site:wykop.pl -site:tripadvisor.com -site:youtube.com -site:yelp.com 
-site:booking.com -site:facebook.com -site:instagram.com -site:tiktok.com",0,2,0%,2
jelenia góra,0,2,0%,2
kino helios jelenia góra,0,2,0%,2
restauracja mcdonald's zdjęcia,0,2,0%,2
tesco jelenia góra,0,2,0%,2
trasa na chojnik,0,2,0%,2
"""tomasza wiśniewskiego"" -site:reddit.com -site:twitter.com -site:x.com 
-site:wykop.pl -site:tripadvisor.com -site:youtube.com -site:yelp.com 
-site:booking.com -site:facebook.com -site:instagram.com -site:tiktok.com",0,2,0%,2.5
sobieszów,0,2,0%,2.5
góra chojnik,0,2,0%,3
restauracja mcdonald's,0,2,0%,3
agro nawozy jelenia góra,0,2,0%,3.5
helios jelenia,0,2,0%,4
"""kcm clinic"" -site:reddit.com -site:twitter.com -site:x.com -site:wykop.pl 
-site:tripadvisor.com -site:youtube.com -site:yelp.com -site:booking.com 
-site:facebook.com -site:instagram.com -site:tiktok.com",0,2,0%,4.5
kino helios jelenia góra adres,0,2,0%,4.5
kino karpacz,0,2,0%,4.5
fitplaneta,0,2,0%,5
nowa galeria goduszyn,0,2,0%,5
szkoła podstawowa nr 6 im w puchalskiego,0,2,0%,5
szkola podstawowa nr 10,0,2,0%,5.5
"""centrum handlowe""",0,2,0%,6
drama restauracja restobar,0,2,0%,6
grande roma pizza morales,0,2,0%,6
szkoła podstawowa nr 10 zdjęcia,0,2,0%,6
www zachodnia tv,0,2,0%,6
grandroma,0,2,0%,6.5
"""centrum chirurgii małoinwazyjnej""",0,2,0%,7
grande roma jelenia gora,0,2,0%,7
"""leroy merlin"" -site:reddit.com -site:twitter.com -site:x.com 
-site:wykop.pl -site:tripadvisor.com -site:youtube.com -site:yelp.com 
-site:booking.com -site:facebook.com -site:instagram.com -site:tiktok.com",0,2,0%,7.5
indyjski zakątek jelenia góra,0,2,0%,7.5
metafora jelenia gora zdjęcia,0,2,0%,7.5
aroma cafe palarnia kawy,0,2,0%,8
sp nr 10,0,2,0%,8.5
"""mcdonald""",0,2,0%,9
apteka 24/7,0,2,0%,9
bankowa 36 jelenia góra,0,2,0%,9
gruzin jelenia góra,0,2,0%,9
jelfa bausch health,0,2,0%,9
letnia jelenia góra przychodnia,0,2,0%,9
clubsushi,0,2,0%,9.5
harper jelenia gora,0,2,0%,9.5
media expert jelenia gora,0,2,0%,9.5
restauracja shanghai,0,2,0%,9.5
wild jump - park trampolin zdjęcia,0,2,0%,9.5
caffeo jelenia góra,0,2,0%,10
cytrynowy pieprz opinie,0,2,0%,10
dworzec główny pks,0,2,0%,10
jelenia góra zimą,0,2,0%,10
kobe jelenia góra rezerwacja,0,2,0%,10
sklepy galeria sudecka,0,2,0%,10
sofa jelenia gora zdjęcia,0,2,0%,10
starostwo powiatowe w jeleniej górze zdjęcia,0,2,0%,10
grzegorz dul jelenia góra,0,2,0%,10.5
leroy merlin jelenia,0,2,0%,10.5
apteka przy szpitalu,0,2,0%,11
bristolka torty,0,2,0%,11
cieplice pizzeria,0,2,0%,11
codetwo jelenia gora pl,0,2,0%,11
jelenia gora dworzec glowny,0,2,0%,11
smak indii jelenia góra,0,2,0%,11
zorka jelenia góra co to za firma,0,2,0%,11
apteka szpitalna jelenia góra,0,2,0%,11.5
galeria sudecka apteka,0,2,0%,11.5
gruzińska restauracja jelenia góra,0,2,0%,11.5
góra szybowcowa restauracja menu,0,2,0%,11.5
jelenia góra restauracja włoska,0,2,0%,11.5
restauracja sofa jelenia góra,0,2,0%,11.5
sp nr 6 jelenia góra,0,2,0%,11.5
steki jelenia góra,0,2,0%,11.5
kobe grill,0,2,0%,12
leroy merlin godziny otwarcia,0,2,0%,12
najlepsze restauracje w jeleniej górze,0,2,0%,12
park norweski w cieplicach śląskich-zdroju,0,2,0%,12
szkola 10,0,2,0%,12
taxi sniezka jg,0,2,0%,12.5
restauracja tajska jelenia góra,0,2,0%,13
kantor jelenia góra galeria sudecka,0,2,0%,13.5
apteka jelenia góra całodobowa,0,2,0%,14
cukiernia bristolka,0,2,0%,14
jelenia gora mcdonald's,0,2,0%,14
restauracja teren jelenia góra,0,2,0%,14
shang hai menu,0,2,0%,15
baron jelenia góra,0,2,0%,15.5
cytrynowy pieprz menu,0,2,0%,15.5
sp6 jelenia góra,0,2,0%,15.5
stacja pkp jelenia gora,0,2,0%,16
szkoła podstawowa nr 7 jelenia góra,0,2,0%,17
jelenia góra plac ratuszowy,0,2,0%,17.5
hotel fenix strauss,0,2,0%,18.5
stacja pkp jelenia góra,0,2,0%,18.5
kcm jelenia gora,0,2,0%,20
ch nowy rynek,0,2,0%,21.5
jelenia góra media expert,0,2,0%,21.5
taxi śnieżka,0,2,0%,21.5
jelenia góra restauracja,0,2,0%,22
restauracje jelenia góra i okolice,0,2,0%,22
kobe jelenia góra menu,0,2,0%,23
mapa jeleniej góry i okolic,0,2,0%,23
przychodnia zabobrze jelenia góra,0,2,0%,23
makarony jelenia góra,0,2,0%,23.5
sąd rodzinny jelenia góra,0,2,0%,23.5
empik jelenia góra galeria sudecka,0,2,0%,24
dworzec pks jelenia góra,0,2,0%,24.5
market budowlany jelenia góra,0,2,0%,24.5
media expert góra,0,2,0%,25.5
galeria jelenia góra sudecka,0,2,0%,26
hotel villa nova,0,2,0%,26
muzeum historii i militariów,0,2,0%,26
przychodnia ogińskiego jelenia góra,0,2,0%,26.5
pizzeria słowiańska,0,2,0%,27
liceum plastyczne jelenia góra,0,2,0%,27.5
galerie handlowe w jeleniej górze,0,2,0%,29
kobe burger jelenia góra,0,2,0%,29.5
rynek w jeleniej górze,0,2,0%,29.5
park zdrojowy jelenia góra,0,2,0%,30
sad jelenia gora,0,2,0%,30.5
apteka szpital jelenia góra,0,2,0%,31
hotel caspar jelenia gora,0,2,0%,31
galerie handlowe jelenia góra,0,2,0%,32
chińskie jedzenie jelenia góra,0,2,0%,32.5
time gates bramy czasu,0,2,0%,32.5
hotel cieplice w cieplicach,0,2,0%,33
cieplice gdzie zjeść,0,2,0%,34
filharmonia dolnośląska,0,2,0%,34.5
galeria sudecka adres,0,2,0%,36
american burger jelenia góra kobe,0,2,0%,36.5
nowy rynek jelenia góra lista sklepów,0,2,0%,37
fenix jelenia góra,0,2,0%,37.5
park norweski,0,2,0%,37.5
real jelenia góra,0,2,0%,37.5
taxi śnieżka wałbrzych,0,2,0%,37.5
tartak góra kalwaria,0,2,0%,39.5
komunikacja jelenia góra,0,2,0%,40
perła zachodu jelenia góra,0,2,0%,40
tort jelenia góra,0,2,0%,40
przychodnia jelenia góra,0,2,0%,41.5
jelenia gora galeria,0,2,0%,42
mzk jelenia góra mapa,0,2,0%,42
schronisko perła zachodu,0,2,0%,42.5
zachodnia,0,2,0%,45
smaczne jedzenie jelenia góra,0,2,0%,47
teatr norwida,0,2,0%,48.5
love krove burger,0,2,0%,49
sobieszów zamek chojnik,0,2,0%,49.5
jelenia góra cieplice hotel,0,2,0%,52
love krove lody naturalne,0,2,0%,54.5
cieplice park norweski,0,2,0%,55.5
cieplice hotele,0,2,0%,56.5
teatr jelenia gora,0,2,0%,59.5
plan jeleniej góry,0,2,0%,60.5
park zdrojowy w cieplicach śląskich-zdroju,0,2,0%,66.5
kobe burger,0,2,0%,67.5
hotel z basenem jelenia góra,0,2,0%,69.5
mzk jg 6,0,2,0%,69.5
dolina pałaców i ogrodów,0,2,0%,70.5
kościół łaski jelenia góra,0,2,0%,70.5
dobra restauracja jelenia góra,0,2,0%,75
jelenia góra punkt widokowy,0,2,0%,87.5
"""kcm""",0,1,0%,1
"""kolejkowo"" -site:reddit.com -site:twitter.com -site:x.com -site:wykop.pl 
-site:tripadvisor.com -site:youtube.com -site:yelp.com -site:booking.com 
-site:facebook.com -site:instagram.com -site:tiktok.com",0,1,0%,1
bazar in der nähe,0,1,0%,1
całodobowa,0,1,0%,1
chińska jelenia góra,0,1,0%,1
gdzie jest zamek chojnik,0,1,0%,1
helios kontakt,0,1,0%,1
indyjska restauracja,0,1,0%,1
jedzenie na dowóz jelenia góra,0,1,0%,1
jelenia gora restauracja,0,1,0%,1
jelenia góra jedzenie,0,1,0%,1
kebab jelenia góra,0,1,0%,1
kino grand jelenia góra,0,1,0%,1
leclerc jelenia góra,0,1,0%,1
leroy merlin - godziny otwarcia,0,1,0%,1
mc donalds godziny otwarcia,0,1,0%,1
mcdonald czy jest otwarty,0,1,0%,1
mcdonald godziny otwarcia,0,1,0%,1
mcdonald najbliższy,0,1,0%,1
mcdonald niedziela godziny otwarcia,0,1,0%,1
mcdonald's do której otwarty,0,1,0%,1
mcdonald's trasa,0,1,0%,1
restauracja jelenia góra otwarte teraz,0,1,0%,1
sushi,0,1,0%,1
traugutta jelenia góra,0,1,0%,1
zamek chojnik zimą,0,1,0%,1
леклерк магазин,0,1,0%,1
"""#żabka"" -site:reddit.com -site:twitter.com -site:x.com -site:wykop.pl 
-site:tripadvisor.com -site:youtube.com -site:yelp.com -site:booking.com 
-site:facebook.com -site:instagram.com -site:tiktok.com",0,1,0%,2
gdzie znajduje się zamek chojnik,0,1,0%,2
helios,0,1,0%,2
hotel strauss jelenia góra,0,1,0%,2
ile kosztuje wejscie,0,1,0%,2
kino lot jelenia góra,0,1,0%,2
mała italia jelenia góra opinie,0,1,0%,2
mc donald near me,0,1,0%,2
park im. jana kasprowicza zdjęcia,0,1,0%,2
restauracja cieplice menu,0,1,0%,2
restauracje cieplice,0,1,0%,2
ruiny zamku chojnik,0,1,0%,2
trasa na zamek chojnik,0,1,0%,2
trhy jelení hora,0,1,0%,2
zamek chojna,0,1,0%,2
zamek chojnik ruiny,0,1,0%,2
zamek chojnik w sobieszowie,0,1,0%,2
zamek chojniki,0,1,0%,2
zamek chojnok,0,1,0%,2
zamek sobieszów,0,1,0%,2
zapiekanki,0,1,0%,2
chojnik miejscowość,0,1,0%,3
jelenia góra pogoda,0,1,0%,3
kino helios jelenia,0,1,0%,3
kino helios jelenia góra kontakt,0,1,0%,3
mcdonald,0,1,0%,3
mcdonald najbliżej,0,1,0%,3
pizza romana,0,1,0%,3
pokaz na mapie,0,1,0%,3
repertuar kina helios jelenia góra,0,1,0%,3
szlak na zamek chojnik,0,1,0%,3
tak,0,1,0%,3
zamek choinik,0,1,0%,3
zamek chojnik ile sie idzie,0,1,0%,3
zamek chojnik jelenia góra,0,1,0%,3
zamek.chojnik,0,1,0%,3
złoty stok kopalnia,0,1,0%,3
chojnice,0,1,0%,4
gdzie można dobrze zjeść w jeleniej górze,0,1,0%,4
helios jelenia gora,0,1,0%,4
helios jelenia góra zapowiedzi,0,1,0%,4
szanghaj jelenia góra menu,0,1,0%,4
zamek hojnik,0,1,0%,4
apteka calodobowa,0,1,0%,5
cukiernia bristolka jelenia góra,0,1,0%,5
najlepsze restauracje jelenia góra,0,1,0%,5
pizeria romana,0,1,0%,5
pozzeria romana,0,1,0%,5
we love pasta,0,1,0%,5
zamek chojnik pogoda,0,1,0%,5
apteka calodowa,0,1,0%,6
brama wojanowska,0,1,0%,6
do której otwarty jest mcdonald's,0,1,0%,6
flora jelenia góra,0,1,0%,6
hotel cervi,0,1,0%,6
roma restauracja,0,1,0%,6
shanghai restaurant,0,1,0%,6
цілодобова аптека поблизу,0,1,0%,6
codetwo jelenia góra,0,1,0%,7
dlaczego jelenia góra,0,1,0%,7
do której czynny mcdonald's,0,1,0%,7
godziny otwarcia mcdonald's,0,1,0%,7
hotel strauss,0,1,0%,7
jelenia góra atrakcje zima,0,1,0%,7
park trampolin wild jump,0,1,0%,7
shang hai.,0,1,0%,7
shang hau,0,1,0%,7
szkola nr 10,0,1,0%,7
zapiekanka near me,0,1,0%,7
cukru jelenia gora,0,1,0%,8
dwór czarne w jeleniej górze,0,1,0%,8
helios galeria sudecka,0,1,0%,8
ilovepasta,0,1,0%,8
la grande roma,0,1,0%,8
pizzeria dalmacija,0,1,0%,8
prezenciarnia jelenia góra,0,1,0%,8
restauracja kobe jelenia góra,0,1,0%,8
apteka cosmedica jelenia góra,0,1,0%,9
atoma cafe,0,1,0%,9
clib sushi,0,1,0%,9
do której jest otwarty mcdonald,0,1,0%,9
jelenia góra atrakcje mapa,0,1,0%,9
jg agro,0,1,0%,9
pizzeria-romana opinie,0,1,0%,9
restauracja drama,0,1,0%,9
sofa jelenia gora,0,1,0%,9
wieża na sołtysiej górze,0,1,0%,9
cosmedica drogeria,0,1,0%,10
cub sushi,0,1,0%,10
cukru.cafe zdjęcia,0,1,0%,10
dobre jedzenie jelenia góra,0,1,0%,10
drama jelenia góra menu,0,1,0%,10
gran de roma,0,1,0%,10
indyjska jelenia góra,0,1,0%,10
jelenia góra dworzec pkp mapa,0,1,0%,10
kobe grill menu,0,1,0%,10
pan gruzin menu,0,1,0%,10
park norweski w jeleniej górze zdjęcia,0,1,0%,10
park trampolin jelenia gora,0,1,0%,10
przychodnia zaborze,0,1,0%,10
restauracja chińska,0,1,0%,10
restauracja sushi,0,1,0%,10
sofa bar,0,1,0%,10
новый рынок еленя гура,0,1,0%,10
пан грузин,0,1,0%,10
"centrum przyrodniczo-edukacyjne karkonoskiego parku narodowego - pałac 
sobieszów",0,1,0%,11
club sushi jelenia góra,0,1,0%,11
dalmacija jelenia góra,0,1,0%,11
dalmacija. pizzeria menu,0,1,0%,11
godziny otwarcia leroy merlin,0,1,0%,11
granderma,0,1,0%,11
grzegorz dul,0,1,0%,11
kaczka shang hai,0,1,0%,11
kobe kebab,0,1,0%,11
letnia 2 jelenia góra apteka,0,1,0%,11
mcdonald grunwaldzka,0,1,0%,11
mcdonald jg,0,1,0%,11
palarnia kawy aroma cafe opinie,0,1,0%,11
pizza cieplice zdroj,0,1,0%,11
pizzeria roman,0,1,0%,11
restauracja cytrynowy pieprz,0,1,0%,11
rtv euro agd galeria sudecka,0,1,0%,11
sad rejonowy w jeleniej gorze,0,1,0%,11
sp10 jelenia gora,0,1,0%,11
suchi bar,0,1,0%,11
sygietyńskiego 12 jelenia góra,0,1,0%,11
szkola podstawowa nr 7,0,1,0%,11
apteka szpital,0,1,0%,12
bar sushi,0,1,0%,12
chinczyk jelenia góra,0,1,0%,12
cieplice zdrój atrakcje zimą,0,1,0%,12
dworzec autobusowy jelenia góra,0,1,0%,12
family barber jelenia góra,0,1,0%,12
galeria nowy rynek jakie sklepy,0,1,0%,12
galeria sudecka kantor,0,1,0%,12
i love pasta zdjęcia,0,1,0%,12
jelenia góra dworzec autobusowy,0,1,0%,12
meble zorka,0,1,0%,12
nowy rynek jelenia góra restauracje,0,1,0%,12
pizzeria cieplice zdrój,0,1,0%,12
rzemiosła artystyczne jelenia góra,0,1,0%,12
smyk galeria sudecka,0,1,0%,12
sofa jg,0,1,0%,12
zabka galeria sudecka,0,1,0%,12
apteka calodobowa jelenia gora,0,1,0%,13
bristolka jelenia góra torty,0,1,0%,13
diverse galeria sudecka,0,1,0%,13
dworzec jelenia góra pkp,0,1,0%,13
hotel fenix strauss jelenia góra,0,1,0%,13
jelenia gora zabobrze stacja,0,1,0%,13
jelenia góra stacja pkp,0,1,0%,13
jelenia góra szkoła podstawowa nr 10,0,1,0%,13
kobe grill house jelenia góra menu,0,1,0%,13
pepco galeria sudecka,0,1,0%,13
plus jelenia góra galeria sudecka,0,1,0%,13
sklep chemiczny jelenia góra,0,1,0%,13
sushi galeria sudecka,0,1,0%,13
uran clinic,0,1,0%,13
wloska restauracja rynek,0,1,0%,13
mzk jelenia g,0,1,0%,14
park zdrojowy w cieplicach,0,1,0%,14
sad rejonowy w jeleniej górze,0,1,0%,14
zamek chojnik (ruiny) jelenia góra,0,1,0%,14
kobe grill house zdjęcia,0,1,0%,15
pizza roma jelenia góra,0,1,0%,15
plus jelenia góra,0,1,0%,16
rehabilitacja żeromskiego jelenia góra,0,1,0%,17
auchan galeria sudecka,0,1,0%,18
i love italy jelenia góra menu,0,1,0%,18
apteka całodobowa cieplice,0,1,0%,19
żeromskiego 2 jelenia góra,0,1,0%,19
biblioteka jelenia góra,0,1,0%,20
goduszyn jelenia góra,0,1,0%,20
pizzeria m cieplice,0,1,0%,20
leroy jelenia góra,0,1,0%,21
sklep z elektroniką jelenia góra,0,1,0%,21
sofa menu jelenia góra,0,1,0%,21
wieża zamkowa jelenia góra,0,1,0%,21
agro jelenia góra,0,1,0%,22
ckm jelenia góra,0,1,0%,22
jbc jelenia góra,0,1,0%,22
muzeum militariów jelenia góra,0,1,0%,22
góra sołtysia,0,1,0%,23
miejski zakład komunikacyjny w jeleniej górze,0,1,0%,23
muzeum historii i militariów jelenia góra,0,1,0%,23
nowy rynek jelenia,0,1,0%,23
osteocyt jelenia góra wolności,0,1,0%,24
pizzeria roma jelenia góra menu,0,1,0%,24
radio taxi śnieżka,0,1,0%,24
radio taxi śnieżka jelenia góra,0,1,0%,24
stacja jelenia góra,0,1,0%,24
zamek chojnik jak dojechać,0,1,0%,24
zespół szkół rzemiosł artystycznych jelenia góra,0,1,0%,24
cukiernia firmowa jelenia góra,0,1,0%,25
galeria sudecka w jeleniej górze,0,1,0%,25
ogińskiego 1b jelenia góra,0,1,0%,25
stacja kontroli pojazdów mzk jelenia góra,0,1,0%,25
jelenia góra atrakcje dla dzieci,0,1,0%,26
sp nr 10 jelenia góra,0,1,0%,26
sąd cywilny jelenia góra,0,1,0%,26
sąd jelenia góra mickiewicza,0,1,0%,26
pizzeria romana jelenia góra menu,0,1,0%,27
skład drewna jelenia góra,0,1,0%,27
szkoła podstawowa jelenia góra,0,1,0%,27
sąd jelenia góra wydział cywilny,0,1,0%,27
hotel villa nova dom gościnny jelenia góra,0,1,0%,28
sofa jelenia góra menu,0,1,0%,28
teatr cypriana norwida jelenia góra,0,1,0%,28
zapiekanki cieplice,0,1,0%,28
zorka sp z oo,0,1,0%,28
komunikacja miejska w jeleniej górze,0,1,0%,29
pan gruzin wita stwosza,0,1,0%,29
pks jelenia góra,0,1,0%,29
teatr im cypriana kamila norwida w jeleniej górze,0,1,0%,29
apart galeria sudecka,0,1,0%,30
dworzec główny jelenia góra,0,1,0%,30
król maciuś jelenia góra,0,1,0%,30
przychodnia zabobrze jelenia góra rejestracja online,0,1,0%,30
stadion miejski w górze,0,1,0%,30
zabobrze przychodnia,0,1,0%,30
centrum ogrodnicze jelenia góra,0,1,0%,31
galeria jelenia góra nowy rynek,0,1,0%,31
mazurkowa chata karpacz,0,1,0%,31
aos centrum medyczne zabobrze,0,1,0%,32
cieplice jedzenie,0,1,0%,32
jelenia góra autobusy,0,1,0%,32
media expert jelenia góra nowy rynek,0,1,0%,32
time gates jelenia gora,0,1,0%,32
cieplice restauracje,0,1,0%,33
czarne jelenia góra,0,1,0%,33
hotel caspar jelenia góra,0,1,0%,33
jelenia góra cukiernia,0,1,0%,33
love krove karpacz,0,1,0%,33
najlepsza pizza w jeleniej górze,0,1,0%,33
restauracja metafora,0,1,0%,33
szkoła nr 10 jelenia góra,0,1,0%,33
zamek chojnik czas zwiedzania,0,1,0%,33
cieplice medi spa,0,1,0%,34
galeria nowy rynek zdjęcia,0,1,0%,34
gruzin,0,1,0%,34
jelenia góra stacja kolejowa,0,1,0%,34
lovekrove,0,1,0%,34
opuszczone miejsca jelenia góra,0,1,0%,35
przychodnia zabobrze rejestracja,0,1,0%,35
urbex jelenia góra,0,1,0%,35
filharmonia dolnośląska w jeleniej górze,0,1,0%,36
hotel restauracja caspar,0,1,0%,36
jeleniaplast,0,1,0%,36
sp jelenia góra,0,1,0%,36
time gates - bramy czasu opinie,0,1,0%,36
dworzec jelenia gora,0,1,0%,37
książnica karkonoska godziny otwarcia,0,1,0%,37
rzemiosła jelenia góra,0,1,0%,37
sudety taxi jelenia góra,0,1,0%,37
teatr norwida w jeleniej górze,0,1,0%,37
hotel medi spa cieplice,0,1,0%,38
kawa jelenia góra,0,1,0%,38
kobe menu,0,1,0%,38
szkoła jelenia góra,0,1,0%,38
zamku chojnik,0,1,0%,38
fotojoker jelenia góra,0,1,0%,39
sołtysia góra,0,1,0%,39
mapa jelenia góra i okolice,0,1,0%,40
teatr cypriana norwida,0,1,0%,40
galeria jelenia góra sklepy,0,1,0%,41
leroy merlin jelenia góra kontakt,0,1,0%,41
tartak gora,0,1,0%,41